<?xml version="1.0" encoding="UTF-8"?>
<project-private xmlns="http://www.netbeans.org/ns/project-private/1">
    <editor-bookmarks xmlns="http://www.netbeans.org/ns/editor-bookmarks/2" lastBookmarkId="0"/>
    <open-files xmlns="http://www.netbeans.org/ns/projectui-open-files/2">
        <group>
            <file>file:/C:/Users/crazymix69/Documents/NetBeansProjects/SalesAndInventory.August/src/salesandinventory/august/SalesAndInventoryAugustPaymentInquiryTable.java</file>
            <file>file:/C:/Users/crazymix69/Documents/NetBeansProjects/SalesAndInventory.August/src/salesandinventory/august/SalesAndInventoryAugustSalesInquiryTable.java</file>
            <file>file:/C:/Users/crazymix69/Documents/NetBeansProjects/SalesAndInventory.August/src/salesandinventory/august/SalesAndInventoryAugustLoginForm.java</file>
            <file>file:/C:/Users/crazymix69/Documents/NetBeansProjects/SalesAndInventory.August/src/salesandinventory/august/SalesAndInventoryAugustPaymentMaintenance.java</file>
            <file>file:/C:/Users/crazymix69/Documents/NetBeansProjects/SalesAndInventory.August/src/salesandinventory/august/SalesAndInventoryAugustSalesTable.java</file>
            <file>file:/C:/Users/crazymix69/Documents/NetBeansProjects/SalesAndInventory.August/src/salesandinventory/august/SalesAndInventoryAugustSalesMaintenance.java</file>
            <file>file:/C:/Users/crazymix69/Documents/NetBeansProjects/SalesAndInventory.August/src/salesandinventory/august/SalesAndInventoryAugustPaymentTable.java</file>
        </group>
    </open-files>
</project-private>
