<?xml version="1.0" encoding="UTF-8"?>
<project-private xmlns="http://www.netbeans.org/ns/project-private/1">
    <editor-bookmarks xmlns="http://www.netbeans.org/ns/editor-bookmarks/2" lastBookmarkId="0"/>
    <open-files xmlns="http://www.netbeans.org/ns/projectui-open-files/2">
        <group name="Database System Projects69">
            <file>file:/C:/Users/owner/Documents/NetBeansProjects/CableSalesInformationSystem/src/cablesalesinformationsystem/CableSalesInformationSystemSalesMaintenanceCustomerInvoiceInquiryTable.java</file>
            <file>file:/C:/Users/owner/Documents/NetBeansProjects/CableSalesInformationSystem/src/cablesalesinformationsystem/CableSalesInformationSystemInvoiceMaintenanceAreaInquiryTable.java</file>
        </group>
        <group>
            <file>file:/C:/Users/professor69/Documents/NetBeansProjects/CableSalesInformationSystem/src/cablesalesinformationsystem/CableInformationSystemContentForm.java</file>
            <file>file:/C:/Users/professor69/Documents/NetBeansProjects/CableSalesInformationSystem/src/cablesalesinformationsystem/CableSalesInformationSystemAreaTable.java</file>
            <file>file:/C:/Users/professor69/Documents/NetBeansProjects/CableSalesInformationSystem/src/cablesalesinformationsystem/CableSalesInformationSystemAreaMaintenance.java</file>
        </group>
    </open-files>
</project-private>
