<?xml version="1.0" encoding="UTF-8"?>
<project-private xmlns="http://www.netbeans.org/ns/project-private/1">
    <editor-bookmarks xmlns="http://www.netbeans.org/ns/editor-bookmarks/2" lastBookmarkId="0"/>
    <open-files xmlns="http://www.netbeans.org/ns/projectui-open-files/2">
        <group name="Database System Projects69"/>
        <group>
            <file>file:/C:/Users/professor69/Documents/NetBeansProjects/LibrarySystem/src/librarysystem/LibrarySystemAuthorMaintenance.java</file>
            <file>file:/C:/Users/professor69/Documents/NetBeansProjects/LibrarySystem/src/librarysystem/LibrarySystemBorrowersCardMaintenanceBorrowerInquiryTable.java</file>
            <file>file:/C:/Users/professor69/Documents/NetBeansProjects/LibrarySystem/src/librarysystem/LibrarySystemLibrarianMaintenance.java</file>
            <file>file:/C:/Users/professor69/Documents/NetBeansProjects/LibrarySystem/src/librarysystem/LibrarySystemUserTable.java</file>
            <file>file:/C:/Users/professor69/Documents/NetBeansProjects/LibrarySystem/src/librarysystem/LibrarySystemBorowersCardMaintenanceBookInquiryTable.java</file>
            <file>file:/C:/Users/professor69/Documents/NetBeansProjects/LibrarySystem/src/librarysystem/LibrarySystemBookMaintenanceAuthorInquiryTable.java</file>
            <file>file:/C:/Users/professor69/Documents/NetBeansProjects/LibrarySystem/src/librarysystem/LibrarySystemBorrowersCardTable.java</file>
            <file>file:/C:/Users/professor69/Documents/NetBeansProjects/LibrarySystem/src/librarysystem/LibrarySystemBookTable.java</file>
            <file>file:/C:/Users/professor69/Documents/NetBeansProjects/LibrarySystem/src/librarysystem/LibrarySystemContentForm.java</file>
            <file>file:/C:/Users/professor69/Documents/NetBeansProjects/LibrarySystem/src/librarysystem/LibrarySystemUserLogtrailMaintenance.java</file>
            <file>file:/C:/Users/professor69/Documents/NetBeansProjects/LibrarySystem/src/librarysystem/LibrarySystemBorrowersCardMaintenanceBookInquiryTable.java</file>
            <file>file:/C:/Users/professor69/Documents/NetBeansProjects/LibrarySystem/src/librarysystem/InternalFrameDemo.java</file>
            <file>file:/C:/Users/professor69/Documents/NetBeansProjects/LibrarySystem/src/librarysystem/LibrarySystemBookMaintenance.java</file>
            <file>file:/C:/Users/professor69/Documents/NetBeansProjects/LibrarySystem/src/librarysystem/LibrarySystemTheAuthorForm.java</file>
            <file>file:/C:/Users/professor69/Documents/NetBeansProjects/LibrarySystem/src/librarysystem/LibrarySystemBorrowerMaintenance.java</file>
        </group>
    </open-files>
</project-private>
