<?xml version="1.0" encoding="UTF-8"?>
<project-private xmlns="http://www.netbeans.org/ns/project-private/1">
    <editor-bookmarks xmlns="http://www.netbeans.org/ns/editor-bookmarks/2" lastBookmarkId="0"/>
    <open-files xmlns="http://www.netbeans.org/ns/projectui-open-files/2">
        <group name="Database System Projects69">
            <file>file:/C:/Users/owner/Documents/NetBeansProjects/MatrixOperations/src/MatrixOperations.java</file>
        </group>
        <group>
            <file>file:/C:/Users/professor69/Documents/NetBeansProjects/MatrixOperations/src/MatrixOperations.java</file>
        </group>
    </open-files>
</project-private>
