<?xml version="1.0" encoding="UTF-8"?>
<project-private xmlns="http://www.netbeans.org/ns/project-private/1">
    <editor-bookmarks xmlns="http://www.netbeans.org/ns/editor-bookmarks/2" lastBookmarkId="0"/>
    <open-files xmlns="http://www.netbeans.org/ns/projectui-open-files/2">
        <group>
            <file>file:/D:/math/java%20programs/java%20netbeans%20projects/database_form/src/Employees/MultiplicationTable.java</file>
            <file>file:/D:/math/java%20programs/java%20netbeans%20projects/database_form/src/Employees/TreeDBViewer.java</file>
            <file>file:/D:/math/java%20programs/java%20netbeans%20projects/database_form/src/Employees/JavaAccess.java</file>
        </group>
    </open-files>
</project-private>
