<?xml version="1.0" encoding="UTF-8"?>
<project-private xmlns="http://www.netbeans.org/ns/project-private/1">
    <editor-bookmarks xmlns="http://www.netbeans.org/ns/editor-bookmarks/2" lastBookmarkId="0"/>
    <open-files xmlns="http://www.netbeans.org/ns/projectui-open-files/2">
        <group name="Database System Projects69">
            <file>file:/C:/Users/owner/Documents/NetBeansProjects/VotingSystem/src/votingsystem/CableSalesInformationSystemSalesTable.java</file>
            <file>file:/C:/Users/owner/Documents/NetBeansProjects/VotingSystem/src/votingsystem/CableSalesInformationSystemUserLogtrailMaintenance.java</file>
            <file>file:/C:/Users/owner/Documents/NetBeansProjects/VotingSystem/src/votingsystem/CableSalesInformationSystemAreaMaintenance.java</file>
            <file>file:/C:/Users/owner/Documents/NetBeansProjects/VotingSystem/src/votingsystem/CableSalesInformationSystemPaymentMaitenanceSalesInquiryTable.java</file>
            <file>file:/C:/Users/owner/Documents/NetBeansProjects/VotingSystem/src/votingsystem/CableSalesInformationSystemAreaTable.java</file>
            <file>file:/C:/Users/owner/Documents/NetBeansProjects/VotingSystem/src/votingsystem/CableSalesInformationSystemTechnicianMaintenance.java</file>
            <file>file:/C:/Users/owner/Documents/NetBeansProjects/VotingSystem/src/votingsystem/CableSalesInformationSystemTechnicianTable.java</file>
            <file>file:/C:/Users/owner/Documents/NetBeansProjects/VotingSystem/src/votingsystem/CableSalesInformationSystemCashierTable.java</file>
            <file>file:/C:/Users/owner/Documents/NetBeansProjects/VotingSystem/src/votingsystem/CableSalesInformationSystemSalesMaintenanceCashierInquiryTable.java</file>
            <file>file:/C:/Users/owner/Documents/NetBeansProjects/VotingSystem/src/votingsystem/CableSalesInformationSystemCustomerMaintenance.java</file>
            <file>file:/C:/Users/owner/Documents/NetBeansProjects/VotingSystem/src/votingsystem/CableSalesInformationSystemInvoiceMaintenance.java</file>
            <file>file:/C:/Users/owner/Documents/NetBeansProjects/VotingSystem/src/votingsystem/CableSalesInformationSystemInvoiceMaintenanceSubscriptionInquiryTable.java</file>
            <file>file:/C:/Users/owner/Documents/NetBeansProjects/VotingSystem/src/votingsystem/CableSalesInformationSystemEmployeeMaintenance.java</file>
            <file>file:/C:/Users/owner/Documents/NetBeansProjects/VotingSystem/src/votingsystem/CableSalesInformationSystemTheAuthorForm.java</file>
            <file>file:/C:/Users/owner/Documents/NetBeansProjects/VotingSystem/src/votingsystem/CableSalesInformationSystemCustomerTable.java</file>
            <file>file:/C:/Users/owner/Documents/NetBeansProjects/VotingSystem/src/votingsystem/CableSalesInformationSystemInvoiceTable.java</file>
            <file>file:/C:/Users/owner/Documents/NetBeansProjects/VotingSystem/src/votingsystem/CableInformationSystemContentForm.java</file>
            <file>file:/C:/Users/owner/Documents/NetBeansProjects/VotingSystem/src/votingsystem/CableSalesInformationSystemUserLogtrailTable.java</file>
            <file>file:/C:/Users/owner/Documents/NetBeansProjects/VotingSystem/src/votingsystem/CableSalesInformationSystemInvoiceMaintenanceAreaInquiryTable.java</file>
            <file>file:/C:/Users/owner/Documents/NetBeansProjects/VotingSystem/src/votingsystem/CableSalesInformationSystemSalesMaintenanceCustomerInvoiceInquiryTable.java</file>
            <file>file:/C:/Users/owner/Documents/NetBeansProjects/VotingSystem/src/votingsystem/CableSalesInformationSystemLoginForm.java</file>
            <file>file:/C:/Users/owner/Documents/NetBeansProjects/VotingSystem/src/votingsystem/CableSalesInformationSystemPaymentMaintenance.java</file>
            <file>file:/C:/Users/owner/Documents/NetBeansProjects/VotingSystem/src/votingsystem/CableSalesInformationSystemSubscriptionMaintenance.java</file>
            <file>file:/C:/Users/owner/Documents/NetBeansProjects/VotingSystem/src/votingsystem/CableSalesInformationSystemCashierMaintenance.java</file>
            <file>file:/C:/Users/owner/Documents/NetBeansProjects/VotingSystem/src/votingsystem/CableSalesInformationSystemInvoiceMaintenanceTechnicianInquiryTable.java</file>
            <file>file:/C:/Users/owner/Documents/NetBeansProjects/VotingSystem/src/votingsystem/CableSalesInformationSystemUserMaintenance.java</file>
            <file>file:/C:/Users/owner/Documents/NetBeansProjects/VotingSystem/src/votingsystem/InternalFrameDemo.java</file>
            <file>file:/C:/Users/owner/Documents/NetBeansProjects/VotingSystem/src/votingsystem/CableSalesInformationSystemPaymentTable.java</file>
            <file>file:/C:/Users/owner/Documents/NetBeansProjects/VotingSystem/src/votingsystem/CableSalesInformationSystemSalesMaintenance.java</file>
            <file>file:/C:/Users/owner/Documents/NetBeansProjects/VotingSystem/src/votingsystem/CableSalesInformationSystemSubscriptionTable.java</file>
            <file>file:/C:/Users/owner/Documents/NetBeansProjects/VotingSystem/src/votingsystem/CableSalesInformtionSystemUserTable.java</file>
            <file>file:/C:/Users/owner/Documents/NetBeansProjects/VotingSystem/src/votingsystem/CableSalesInformationSystemInvoiceMaintenanceCustomerInquiryTable.java</file>
            <file>file:/C:/Users/owner/Documents/NetBeansProjects/VotingSystem/src/votingsystem/CableSalesInformationSystemEmployeeTable.java</file>
        </group>
        <group/>
    </open-files>
</project-private>
